연관키워드,총검색수,PC검색수,모바일검색수,경쟁정도,대분류,세부의도,출처파일
임종전증상,3610,180,3430,낮음,1. 임종·생애말기,정보·개념형,임종·생애말기(2308)
연명치료중단,1120,180,940,중간,1. 임종·생애말기,정보·개념형,임종·생애말기(2310)
연명의료중단,410,130,280,중간,1. 임종·생애말기,정보·개념형,임종·생애말기(2310)
사전연명의료의향서등록,30,10,20,중간,1. 임종·생애말기,서식·행정형,유언·상속·증여(2314)
안심상속원스톱,6030,2190,3840,낮음,2. 사후 행정·절차,정보·개념형,사후행정·상조·장례(2313)
부모님사망후절차,700,100,600,높음,2. 사후 행정·절차,정보·개념형,사후행정·상조·장례(2313)
사망후상속기간,370,50,320,높음,2. 사후 행정·절차,정보·개념형,유언·상속·증여(2314)
사망신고기한,320,80,240,중간,2. 사후 행정·절차,서식·행정형,사후행정·상조·장례(2313)
사망신고절차,300,100,200,중간,2. 사후 행정·절차,서식·행정형,사후행정·상조·장례(2313)
사망후상속,220,10,210,높음,2. 사후 행정·절차,정보·개념형,유언·상속·증여(2314)
후불제상조,4160,1210,2950,높음,3. 상조·장례 서비스,정보·개념형,사후행정·상조·장례(2313)
참전유공자,1790,360,1430,높음,3. 상조·장례 서비스,정보·개념형,사후행정·상조·장례(2313)
부산아시아드장례식장,1330,200,1130,높음,3. 상조·장례 서비스,정보·개념형,사후행정·상조·장례(2313)
영도구민장례식장,950,150,800,중간,3. 상조·장례 서비스,정보·개념형,사후행정·상조·장례(2313)
국가유공자장례,510,180,330,높음,3. 상조·장례 서비스,정보·개념형,사후행정·상조·장례(2313)
부산상조,420,90,330,높음,3. 상조·장례 서비스,정보·개념형,사후행정·상조·장례(2313)
부산후불제상조,240,130,110,높음,3. 상조·장례 서비스,정보·개념형,사후행정·상조·장례(2313)
고신대병원장례식장,220,60,160,높음,3. 상조·장례 서비스,정보·개념형,사후행정·상조·장례(2313)
좌천봉생병원장례식장,190,40,150,중간,3. 상조·장례 서비스,정보·개념형,사후행정·상조·장례(2313)
부산상조회사,100,30,70,높음,3. 상조·장례 서비스,정보·개념형,사후행정·상조·장례(2313)
후불식상조,80,60,20,높음,3. 상조·장례 서비스,정보·개념형,사후행정·상조·장례(2313)
국가유공자장례식,70,10,60,높음,3. 상조·장례 서비스,정보·개념형,사후행정·상조·장례(2313)
국가유공자상조,50,10,40,높음,3. 상조·장례 서비스,정보·개념형,사후행정·상조·장례(2313)
온누리상조,40,10,30,중간,3. 상조·장례 서비스,정보·개념형,사후행정·상조·장례(2313)
부산장례,40,10,30,높음,3. 상조·장례 서비스,정보·개념형,사후행정·상조·장례(2313)
제사상차림,43760,1860,41900,높음,4. 제사·추모·명절,정보·개념형,제사·차례·명절(2317)
제사상,9460,960,8500,높음,4. 제사·추모·명절,정보·개념형,제사·차례·명절(2317)
제사음식,7720,1020,6700,높음,4. 제사·추모·명절,정보·개념형,제사·차례·명절(2317)
기제사상차림,3190,190,3000,높음,4. 제사·추모·명절,정보·개념형,제사·차례·명절(2317)
차례상차림,2140,90,2050,높음,4. 제사·추모·명절,정보·개념형,제사·차례·명절(2317)
제사상차리는법,2010,100,1910,높음,4. 제사·추모·명절,정보·개념형,제사·차례·명절(2317)
49재상차림,1910,160,1750,중간,4. 제사·추모·명절,정보·개념형,제사·차례·명절(2317)
제사음식종류,1780,210,1570,높음,4. 제사·추모·명절,정보·개념형,제사·차례·명절(2317)
제사음식대행,1610,190,1420,높음,4. 제사·추모·명절,거래·서비스형,제사·차례·명절(2317)
기일제사,1420,140,1280,높음,4. 제사·추모·명절,정보·개념형,제사·차례·명절(2317)
제사상음식,1170,120,1050,높음,4. 제사·추모·명절,정보·개념형,제사·차례·명절(2317)
차례상,1050,140,910,높음,4. 제사·추모·명절,정보·개념형,제사·차례·명절(2317)
제사상차림음식,590,40,550,높음,4. 제사·추모·명절,정보·개념형,제사·차례·명절(2317)
추석음식,470,150,320,높음,4. 제사·추모·명절,정보·개념형,제사·차례·명절(2317)
명절음식,320,80,240,높음,4. 제사·추모·명절,정보·개념형,제사·차례·명절(2317)
간단제사상,270,20,250,중간,4. 제사·추모·명절,정보·개념형,제사·차례·명절(2317)
간소한제사상,210,10,200,높음,4. 제사·추모·명절,정보·개념형,제사·차례·명절(2317)
설날음식,210,50,160,높음,4. 제사·추모·명절,정보·개념형,제사·차례·명절(2317)
49재날짜,60,10,50,중간,4. 제사·추모·명절,정보·개념형,제사·차례·명절(2317)
추석차례상,60,10,50,높음,4. 제사·추모·명절,정보·개념형,제사·차례·명절(2317)
차례음식,50,10,40,높음,4. 제사·추모·명절,정보·개념형,제사·차례·명절(2317)
49재날짜계산,40,10,30,낮음,4. 제사·추모·명절,정보·개념형,제사·차례·명절(2317)
차례상주문,30,20,10,높음,4. 제사·추모·명절,거래·서비스형,제사·차례·명절(2317)
설음식,30,10,20,높음,4. 제사·추모·명절,정보·개념형,제사·차례·명절(2317)
추석명절음식,30,10,20,높음,4. 제사·추모·명절,정보·개념형,제사·차례·명절(2317)
유언장,1770,270,1500,높음,5. 유언·생전준비,정보·개념형,유언·상속·증여(2314)
유언,1570,340,1230,높음,5. 유언·생전준비,정보·개념형,유언·상속·증여(2314)
유언장작성방법,1440,210,1230,높음,5. 유언·생전준비,정보·개념형,유언·상속·증여(2314)
유언공증,1080,360,720,높음,5. 유언·생전준비,거래·서비스형,유언·상속·증여(2314)
유서쓰는법,1030,100,930,높음,5. 유언·생전준비,정보·개념형,유언·상속·증여(2314)
유언장효력,980,150,830,높음,5. 유언·생전준비,정보·개념형,유언·상속·증여(2314)
유언장양식,770,180,590,높음,5. 유언·생전준비,서식·행정형,유언·상속·증여(2314)
유언장공증,690,110,580,높음,5. 유언·생전준비,거래·서비스형,유언·상속·증여(2314)
유언공증비용,670,130,540,높음,5. 유언·생전준비,거래·서비스형,유언·상속·증여(2314)
사전증여,510,100,410,높음,5. 유언·생전준비,정보·개념형,유언·상속·증여(2314)
유언장공증비용,360,70,290,높음,5. 유언·생전준비,거래·서비스형,유언·상속·증여(2314)
유언상속,360,20,340,높음,5. 유언·생전준비,정보·개념형,유언·상속·증여(2314)
유언공증증인,230,50,180,높음,5. 유언·생전준비,거래·서비스형,유언·상속·증여(2314)
유언자,180,20,160,낮음,5. 유언·생전준비,정보·개념형,유언·상속·증여(2314)
유언공증사무소,160,30,130,높음,5. 유언·생전준비,거래·서비스형,유언·상속·증여(2314)
유언공정증서,160,40,120,높음,5. 유언·생전준비,서식·행정형,유언·상속·증여(2314)
유서양식,140,20,120,중간,5. 유언·생전준비,서식·행정형,유언·상속·증여(2314)
유언장작성,110,30,80,높음,5. 유언·생전준비,정보·개념형,유언·상속·증여(2314)
효도계약서,100,50,50,중간,5. 유언·생전준비,서식·행정형,유언·상속·증여(2314)
상속유언장,90,20,70,높음,5. 유언·생전준비,정보·개념형,유언·상속·증여(2314)
유서작성법,70,10,60,높음,5. 유언·생전준비,정보·개념형,유언·상속·증여(2314)
공정증서유언,50,20,30,높음,5. 유언·생전준비,서식·행정형,유언·상속·증여(2314)
자필유언장공증,50,10,40,높음,5. 유언·생전준비,거래·서비스형,유언·상속·증여(2314)
자필유언장,50,20,30,높음,5. 유언·생전준비,정보·개념형,유언·상속·증여(2314)
공증유언,50,10,40,높음,5. 유언·생전준비,거래·서비스형,유언·상속·증여(2314)
유언상속공증,50,10,40,높음,5. 유언·생전준비,거래·서비스형,유언·상속·증여(2314)
유언대용신탁계약서,50,10,40,높음,5. 유언·생전준비,서식·행정형,유언·상속·증여(2314)
유언장쓰기,40,10,30,높음,5. 유언·생전준비,정보·개념형,유언·상속·증여(2314)
유언공증변호사,40,10,30,높음,5. 유언·생전준비,거래·서비스형,유언·상속·증여(2314)
유언공증수수료,40,20,20,높음,5. 유언·생전준비,거래·서비스형,유언·상속·증여(2314)
사전상속,40,10,30,높음,5. 유언·생전준비,정보·개념형,유언·상속·증여(2314)
유언장변호사,30,10,20,높음,5. 유언·생전준비,거래·서비스형,유언·상속·증여(2314)
상속유언,30,10,20,높음,5. 유언·생전준비,정보·개념형,유언·상속·증여(2314)
유언의효력,20,10,10,높음,5. 유언·생전준비,정보·개념형,유언·상속·증여(2314)
유언전문변호사,15,10,5,,5. 유언·생전준비,거래·서비스형,유언·상속·증여(2314)
증여세세율,46790,7290,39500,높음,6. 상속·증여(법률·세무),정보·개념형,유언·상속·증여(2314)
상속세,28390,5690,22700,높음,6. 상속·증여(법률·세무),정보·개념형,유언·상속·증여(2314)
상속세면제한도,24620,3320,21300,높음,6. 상속·증여(법률·세무),정보·개념형,유언·상속·증여(2314)
증여세면제한도,21700,3600,18100,높음,6. 상속·증여(법률·세무),정보·개념형,유언·상속·증여(2314)
상속세세율,20230,2830,17400,높음,6. 상속·증여(법률·세무),정보·개념형,유언·상속·증여(2314)
증여세계산기,19350,5150,14200,높음,6. 상속·증여(법률·세무),정보·개념형,유언·상속·증여(2314)
증여세신고,15950,6960,8990,높음,6. 상속·증여(법률·세무),서식·행정형,유언·상속·증여(2314)
증여세신고방법,10140,3490,6650,높음,6. 상속·증여(법률·세무),서식·행정형,유언·상속·증여(2314)
증여세율,8360,3100,5260,높음,6. 상속·증여(법률·세무),정보·개념형,유언·상속·증여(2314)
상속재산분할,7870,1520,6350,높음,6. 상속·증여(법률·세무),정보·개념형,유언·상속·증여(2314)
상속전문변호사,7670,2990,4680,높음,6. 상속·증여(법률·세무),거래·서비스형,유언·상속·증여(2314)
상속세계산기,7600,2000,5600,높음,6. 상속·증여(법률·세무),정보·개념형,유언·상속·증여(2314)
상속세율,6670,1570,5100,높음,6. 상속·증여(법률·세무),정보·개념형,유언·상속·증여(2314)
상속포기,6550,1750,4800,높음,6. 상속·증여(법률·세무),정보·개념형,유언·상속·증여(2314)
증여,6360,1690,4670,높음,6. 상속·증여(법률·세무),정보·개념형,유언·상속·증여(2314)
증여신고,6110,3170,2940,높음,6. 상속·증여(법률·세무),서식·행정형,유언·상속·증여(2314)
증여세신고기한,5850,2010,3840,높음,6. 상속·증여(법률·세무),서식·행정형,유언·상속·증여(2314)
상속재산분할협의서,5680,2460,3220,높음,6. 상속·증여(법률·세무),서식·행정형,유언·상속·증여(2314)
유류분청구소송,5080,840,4240,높음,6. 상속·증여(법률·세무),정보·개념형,유언·상속·증여(2314)
한정승인,4740,1480,3260,높음,6. 상속·증여(법률·세무),정보·개념형,유언·상속·증여(2314)
유증,4670,1360,3310,높음,6. 상속·증여(법률·세무),정보·개념형,유언·상속·증여(2314)
상속,4540,1280,3260,높음,6. 상속·증여(법률·세무),정보·개념형,유언·상속·증여(2314)
성년후견인,4000,1350,2650,높음,6. 상속·증여(법률·세무),정보·개념형,유언·상속·증여(2314)
유류분,3780,1040,2740,높음,6. 상속·증여(법률·세무),정보·개념형,유언·상속·증여(2314)
상속변호사,3730,2060,1670,높음,6. 상속·증여(법률·세무),거래·서비스형,유언·상속·증여(2314)
상속세신고,3580,1090,2490,높음,6. 상속·증여(법률·세무),서식·행정형,유언·상속·증여(2314)
상속포기신고서,3440,810,2630,높음,6. 상속·증여(법률·세무),서식·행정형,유언·상속·증여(2314)
자녀증여세면제한도,3380,780,2600,높음,6. 상속·증여(법률·세무),정보·개념형,유언·상속·증여(2314)
증여세계산,3370,1040,2330,낮음,6. 상속·증여(법률·세무),정보·개념형,유언·상속·증여(2314)
주식증여,3240,780,2460,높음,6. 상속·증여(법률·세무),정보·개념형,유언·상속·증여(2314)
자녀증여세,3170,740,2430,높음,6. 상속·증여(법률·세무),정보·개념형,유언·상속·증여(2314)
증여계약서,3170,1590,1580,높음,6. 상속·증여(법률·세무),서식·행정형,유언·상속·증여(2314)
부담부증여,3110,1070,2040,높음,6. 상속·증여(법률·세무),정보·개념형,유언·상속·증여(2314)
양도소득세계산,3020,1270,1750,높음,6. 상속·증여(법률·세무),정보·개념형,유언·상속·증여(2314)
후견등기사항부존재증명서,2950,2360,590,높음,6. 상속·증여(법률·세무),서식·행정형,유언·상속·증여(2314)
성년후견인제도,2860,800,2060,높음,6. 상속·증여(법률·세무),정보·개념형,유언·상속·증여(2314)
자녀증여,2820,770,2050,높음,6. 상속·증여(법률·세무),정보·개념형,유언·상속·증여(2314)
대습상속,2730,920,1810,높음,6. 상속·증여(법률·세무),정보·개념형,유언·상속·증여(2314)
주식증여세,2610,400,2210,높음,6. 상속·증여(법률·세무),정보·개념형,유언·상속·증여(2314)
상속세증여세,2610,420,2190,높음,6. 상속·증여(법률·세무),정보·개념형,유언·상속·증여(2314)
증여계약서양식,2510,1410,1100,높음,6. 상속·증여(법률·세무),서식·행정형,유언·상속·증여(2314)
상속포기신청,2500,450,2050,높음,6. 상속·증여(법률·세무),정보·개념형,유언·상속·증여(2314)
상속순위,2390,860,1530,높음,6. 상속·증여(법률·세무),정보·개념형,유언·상속·증여(2314)
상속포기한정승인,2230,530,1700,높음,6. 상속·증여(법률·세무),정보·개념형,유언·상속·증여(2314)
한정승인상속포기,2160,390,1770,높음,6. 상속·증여(법률·세무),정보·개념형,유언·상속·증여(2314)
아파트증여세계산기,2080,500,1580,높음,6. 상속·증여(법률·세무),정보·개념형,유언·상속·증여(2314)
상속세및증여세법,1910,1580,330,높음,6. 상속·증여(법률·세무),정보·개념형,유언·상속·증여(2314)
부부간증여,1890,460,1430,높음,6. 상속·증여(법률·세무),정보·개념형,유언·상속·증여(2314)
유류분반환청구소송,1880,1040,840,높음,6. 상속·증여(법률·세무),정보·개념형,유언·상속·증여(2314)
상속세신고기한,1860,590,1270,높음,6. 상속·증여(법률·세무),서식·행정형,유언·상속·증여(2314)
자녀증여세신고,1850,1110,740,높음,6. 상속·증여(법률·세무),서식·행정형,유언·상속·증여(2314)
자녀증여세세율,1840,330,1510,높음,6. 상속·증여(법률·세무),정보·개념형,유언·상속·증여(2314)
유류분청구,1680,170,1510,높음,6. 상속·증여(법률·세무),정보·개념형,유언·상속·증여(2314)
상속한정승인,1650,550,1100,높음,6. 상속·증여(법률·세무),정보·개념형,유언·상속·증여(2314)
상속세공제한도,1480,320,1160,높음,6. 상속·증여(법률·세무),정보·개념형,유언·상속·증여(2314)
아파트증여세,1450,230,1220,높음,6. 상속·증여(법률·세무),정보·개념형,유언·상속·증여(2314)
증여취득세율,1450,490,960,높음,6. 상속·증여(법률·세무),정보·개념형,유언·상속·증여(2314)
피한정후견인,1430,550,880,높음,6. 상속·증여(법률·세무),정보·개념형,유언·상속·증여(2314)
한정승인신문공고,1320,440,880,높음,6. 상속·증여(법률·세무),서식·행정형,유언·상속·증여(2314)
상속등기,1310,460,850,높음,6. 상속·증여(법률·세무),서식·행정형,유언·상속·증여(2314)
유산상속비율,1290,120,1170,높음,6. 상속·증여(법률·세무),정보·개념형,유언·상속·증여(2314)
부동산증여세,1230,290,940,높음,6. 상속·증여(법률·세무),정보·개념형,유언·상속·증여(2314)
상속포기신고,1230,290,940,높음,6. 상속·증여(법률·세무),서식·행정형,유언·상속·증여(2314)
한정상속,1200,280,920,높음,6. 상속·증여(법률·세무),정보·개념형,유언·상속·증여(2314)
한정승인절차,1180,220,960,높음,6. 상속·증여(법률·세무),정보·개념형,유언·상속·증여(2314)
상속재산조회,1170,440,730,높음,6. 상속·증여(법률·세무),정보·개념형,유언·상속·증여(2314)
상속세공제,1170,330,840,높음,6. 상속·증여(법률·세무),정보·개념형,유언·상속·증여(2314)
상속분할협의서,1170,390,780,높음,6. 상속·증여(법률·세무),서식·행정형,유언·상속·증여(2314)
상속세계산,1160,390,770,높음,6. 상속·증여(법률·세무),정보·개념형,유언·상속·증여(2314)
상속취득세,1160,340,820,높음,6. 상속·증여(법률·세무),정보·개념형,유언·상속·증여(2314)
상속유류분,1150,320,830,높음,6. 상속·증여(법률·세무),정보·개념형,유언·상속·증여(2314)
상속절차,1130,230,900,높음,6. 상속·증여(법률·세무),정보·개념형,유언·상속·증여(2314)
특별한정승인,1110,400,710,높음,6. 상속·증여(법률·세무),정보·개념형,유언·상속·증여(2314)
재산상속포기,1020,140,880,높음,6. 상속·증여(법률·세무),정보·개념형,유언·상속·증여(2314)
상속포기기간,1020,260,760,높음,6. 상속·증여(법률·세무),정보·개념형,유언·상속·증여(2314)
동거주택상속공제,1010,300,710,높음,6. 상속·증여(법률·세무),정보·개념형,유언·상속·증여(2314)
법정상속인,1010,240,770,높음,6. 상속·증여(법률·세무),정보·개념형,유언·상속·증여(2314)
형제간증여세,1000,180,820,높음,6. 상속·증여(법률·세무),정보·개념형,유언·상속·증여(2314)
증여세신고서류,980,360,620,높음,6. 상속·증여(법률·세무),서식·행정형,유언·상속·증여(2314)
증여세절세,980,80,900,높음,6. 상속·증여(법률·세무),정보·개념형,유언·상속·증여(2314)
상속공제,960,270,690,높음,6. 상속·증여(법률·세무),정보·개념형,유언·상속·증여(2314)
상속법,950,230,720,높음,6. 상속·증여(법률·세무),정보·개념형,유언·상속·증여(2314)
배우자증여,950,180,770,높음,6. 상속·증여(법률·세무),정보·개념형,유언·상속·증여(2314)
증여세개정,950,320,630,높음,6. 상속·증여(법률·세무),정보·개념형,유언·상속·증여(2314)
상속등기기간,950,270,680,높음,6. 상속·증여(법률·세무),서식·행정형,유언·상속·증여(2314)
한정후견인,940,310,630,높음,6. 상속·증여(법률·세무),정보·개념형,유언·상속·증여(2314)
친양자입양,930,260,670,높음,6. 상속·증여(법률·세무),정보·개념형,유언·상속·증여(2314)
상속포기서류,920,210,710,높음,6. 상속·증여(법률·세무),서식·행정형,유언·상속·증여(2314)
상속세배우자공제,920,190,730,높음,6. 상속·증여(법률·세무),정보·개념형,유언·상속·증여(2314)
상속포기비용,890,460,430,높음,6. 상속·증여(법률·세무),거래·서비스형,유언·상속·증여(2314)
증여취득세,860,350,510,높음,6. 상속·증여(법률·세무),정보·개념형,유언·상속·증여(2314)
증여세연부연납,830,300,530,높음,6. 상속·증여(법률·세무),정보·개념형,유언·상속·증여(2314)
상속기간,830,170,660,높음,6. 상속·증여(법률·세무),정보·개념형,유언·상속·증여(2314)
증여세상속세,820,180,640,높음,6. 상속·증여(법률·세무),정보·개념형,유언·상속·증여(2314)
증여재산공제,810,310,500,높음,6. 상속·증여(법률·세무),정보·개념형,유언·상속·증여(2314)
상속포기각서,810,270,540,높음,6. 상속·증여(법률·세무),서식·행정형,유언·상속·증여(2314)
상속지분,790,300,490,높음,6. 상속·증여(법률·세무),정보·개념형,유언·상속·증여(2314)
재산상속,790,90,700,높음,6. 상속·증여(법률·세무),정보·개념형,유언·상속·증여(2314)
상속재산,780,170,610,높음,6. 상속·증여(법률·세무),정보·개념형,유언·상속·증여(2314)
부동산상속절차,770,190,580,높음,6. 상속·증여(법률·세무),정보·개념형,유언·상속·증여(2314)
현금증여,760,150,610,높음,6. 상속·증여(법률·세무),정보·개념형,유언·상속·증여(2314)
유산상속,750,110,640,높음,6. 상속·증여(법률·세무),정보·개념형,유언·상속·증여(2314)
증여세공제,750,220,530,높음,6. 상속·증여(법률·세무),정보·개념형,유언·상속·증여(2314)
상속세일괄공제,740,220,520,높음,6. 상속·증여(법률·세무),정보·개념형,유언·상속·증여(2314)
상속세연부연납,730,220,510,높음,6. 상속·증여(법률·세무),정보·개념형,유언·상속·증여(2314)
성년후견,720,320,400,높음,6. 상속·증여(법률·세무),정보·개념형,유언·상속·증여(2314)
한정승인비용,710,110,600,높음,6. 상속·증여(법률·세무),거래·서비스형,유언·상속·증여(2314)
서울상속전문변호사,710,220,490,높음,6. 상속·증여(법률·세무),거래·서비스형,유언·상속·증여(2314)
부동산증여,700,160,540,높음,6. 상속·증여(법률·세무),정보·개념형,유언·상속·증여(2314)
상속전문세무사,700,210,490,높음,6. 상속·증여(법률·세무),거래·서비스형,유언·상속·증여(2314)
상속재산분할소송,690,190,500,높음,6. 상속·증여(법률·세무),정보·개념형,유언·상속·증여(2314)
유류분소송,680,130,550,높음,6. 상속·증여(법률·세무),정보·개념형,유언·상속·증여(2314)
상속증여,670,140,530,높음,6. 상속·증여(법률·세무),정보·개념형,유언·상속·증여(2314)
상속포기절차,670,120,550,높음,6. 상속·증여(법률·세무),정보·개념형,유언·상속·증여(2314)
상속재산분할심판청구,660,240,420,높음,6. 상속·증여(법률·세무),정보·개념형,유언·상속·증여(2314)
상속재산분할심판,660,160,500,높음,6. 상속·증여(법률·세무),정보·개념형,유언·상속·증여(2314)
증여상속,650,160,490,높음,6. 상속·증여(법률·세무),정보·개념형,유언·상속·증여(2314)
증여세상담,650,130,520,높음,6. 상속·증여(법률·세무),거래·서비스형,유언·상속·증여(2314)
상속비율,640,120,520,높음,6. 상속·증여(법률·세무),정보·개념형,유언·상속·증여(2314)
부동산증여세율,640,130,510,높음,6. 상속·증여(법률·세무),정보·개념형,유언·상속·증여(2314)
현금증여계약서,630,380,250,높음,6. 상속·증여(법률·세무),서식·행정형,유언·상속·증여(2314)
상속재산분할비율,630,80,550,높음,6. 상속·증여(법률·세무),정보·개념형,유언·상속·증여(2314)
상속세신고서류,630,180,450,높음,6. 상속·증여(법률·세무),서식·행정형,유언·상속·증여(2314)
상속세자녀공제,600,110,490,높음,6. 상속·증여(법률·세무),정보·개념형,유언·상속·증여(2314)
상속기여분,590,120,470,높음,6. 상속·증여(법률·세무),정보·개념형,유언·상속·증여(2314)
아파트증여,590,170,420,높음,6. 상속·증여(법률·세무),정보·개념형,유언·상속·증여(2314)
상속재산분할청구소송,580,200,380,높음,6. 상속·증여(법률·세무),정보·개념형,유언·상속·증여(2314)
상속증여세,560,90,470,높음,6. 상속·증여(법률·세무),정보·개념형,유언·상속·증여(2314)
부동산상속세,560,130,430,높음,6. 상속·증여(법률·세무),정보·개념형,유언·상속·증여(2314)
사실혼상속,530,60,470,높음,6. 상속·증여(법률·세무),정보·개념형,유언·상속·증여(2314)
유류분제도,530,80,450,높음,6. 상속·증여(법률·세무),정보·개념형,유언·상속·증여(2314)
배우자상속,520,40,480,높음,6. 상속·증여(법률·세무),정보·개념형,유언·상속·증여(2314)
자동차증여,520,160,360,높음,6. 상속·증여(법률·세무),정보·개념형,유언·상속·증여(2314)
상속세과세표준,520,160,360,높음,6. 상속·증여(법률·세무),정보·개념형,유언·상속·증여(2314)
상속신고,520,180,340,높음,6. 상속·증여(법률·세무),서식·행정형,유언·상속·증여(2314)
상속분쟁,520,170,350,높음,6. 상속·증여(법률·세무),정보·개념형,유언·상속·증여(2314)
부동산상속,510,70,440,높음,6. 상속·증여(법률·세무),정보·개념형,유언·상속·증여(2314)
빚상속,510,40,470,높음,6. 상속·증여(법률·세무),정보·개념형,유언·상속·증여(2314)
자녀상속세,500,100,400,높음,6. 상속·증여(법률·세무),정보·개념형,유언·상속·증여(2314)
유류분변호사,500,200,300,높음,6. 상속·증여(법률·세무),거래·서비스형,유언·상속·증여(2314)
농지증여,500,130,370,높음,6. 상속·증여(법률·세무),정보·개념형,유언·상속·증여(2314)
상속회복청구권,490,130,360,높음,6. 상속·증여(법률·세무),정보·개념형,유언·상속·증여(2314)
재산상속비율,490,60,430,높음,6. 상속·증여(법률·세무),정보·개념형,유언·상속·증여(2314)
성년후견인신청,490,220,270,높음,6. 상속·증여(법률·세무),정보·개념형,유언·상속·증여(2314)
양도세신고서류,470,140,330,높음,6. 상속·증여(법률·세무),서식·행정형,유언·상속·증여(2314)
배우자상속세,470,60,410,높음,6. 상속·증여(법률·세무),정보·개념형,유언·상속·증여(2314)
성년후견제도,460,190,270,높음,6. 상속·증여(법률·세무),정보·개념형,유언·상속·증여(2314)
아파트상속,460,60,400,높음,6. 상속·증여(법률·세무),정보·개념형,유언·상속·증여(2314)
상속재산파산,450,210,240,높음,6. 상속·증여(법률·세무),정보·개념형,유언·상속·증여(2314)
상속소송,450,50,400,높음,6. 상속·증여(법률·세무),정보·개념형,유언·상속·증여(2314)
상속세절세,450,80,370,높음,6. 상속·증여(법률·세무),정보·개념형,유언·상속·증여(2314)
부동산증여서류,440,90,350,높음,6. 상속·증여(법률·세무),서식·행정형,유언·상속·증여(2314)
상속서류,420,90,330,높음,6. 상속·증여(법률·세무),서식·행정형,유언·상속·증여(2314)
상속증여세법,420,220,200,높음,6. 상속·증여(법률·세무),정보·개념형,유언·상속·증여(2314)
빚상속포기,420,40,380,높음,6. 상속·증여(법률·세무),정보·개념형,유언·상속·증여(2314)
상속협의서,420,170,250,높음,6. 상속·증여(법률·세무),서식·행정형,유언·상속·증여(2314)
상속세법,410,200,210,높음,6. 상속·증여(법률·세무),정보·개념형,유언·상속·증여(2314)
후견,400,100,300,높음,6. 상속·증여(법률·세무),정보·개념형,유언·상속·증여(2314)
인지청구소송,390,70,320,높음,6. 상속·증여(법률·세무),정보·개념형,유언·상속·증여(2314)
한정승인서류,390,70,320,높음,6. 상속·증여(법률·세무),서식·행정형,유언·상속·증여(2314)
인지청구,380,120,260,높음,6. 상속·증여(법률·세무),정보·개념형,유언·상속·증여(2314)
토지상속,380,40,340,높음,6. 상속·증여(법률·세무),정보·개념형,유언·상속·증여(2314)
증여세세무사,380,80,300,높음,6. 상속·증여(법률·세무),거래·서비스형,유언·상속·증여(2314)
주식증여세신고,380,140,240,높음,6. 상속·증여(법률·세무),서식·행정형,유언·상속·증여(2314)
유류분전문변호사,380,110,270,높음,6. 상속·증여(법률·세무),거래·서비스형,유언·상속·증여(2314)
금융재산상속공제,380,150,230,높음,6. 상속·증여(법률·세무),정보·개념형,유언·상속·증여(2314)
농지양도세,370,80,290,높음,6. 상속·증여(법률·세무),정보·개념형,유언·상속·증여(2314)
토지상속세,370,80,290,높음,6. 상속·증여(법률·세무),정보·개념형,유언·상속·증여(2314)
주택상속세,370,70,300,높음,6. 상속·증여(법률·세무),정보·개념형,유언·상속·증여(2314)
양도소득세기본공제,360,140,220,높음,6. 상속·증여(법률·세무),정보·개념형,유언·상속·증여(2314)
상속재산분할청구,360,70,290,높음,6. 상속·증여(법률·세무),정보·개념형,유언·상속·증여(2314)
상속상담,360,60,300,높음,6. 상속·증여(법률·세무),거래·서비스형,유언·상속·증여(2314)
유산상속전문변호사,360,70,290,높음,6. 상속·증여(법률·세무),거래·서비스형,유언·상속·증여(2314)
한정상속포기,350,20,330,높음,6. 상속·증여(법률·세무),정보·개념형,유언·상속·증여(2314)
재산상속변호사,350,70,280,높음,6. 상속·증여(법률·세무),거래·서비스형,유언·상속·증여(2314)
상속세무사,350,110,240,높음,6. 상속·증여(법률·세무),거래·서비스형,유언·상속·증여(2314)
상속세전문세무사,350,130,220,높음,6. 상속·증여(법률·세무),거래·서비스형,유언·상속·증여(2314)
상속법률상담,350,30,320,높음,6. 상속·증여(법률·세무),거래·서비스형,유언·상속·증여(2314)
채무상속,350,30,320,높음,6. 상속·증여(법률·세무),정보·개념형,유언·상속·증여(2314)
상속분할,340,40,300,높음,6. 상속·증여(법률·세무),정보·개념형,유언·상속·증여(2314)
현금상속세,340,50,290,높음,6. 상속·증여(법률·세무),정보·개념형,유언·상속·증여(2314)
한정승인기간,340,100,240,높음,6. 상속·증여(법률·세무),정보·개념형,유언·상속·증여(2314)
상속재산조회서비스,340,180,160,높음,6. 상속·증여(법률·세무),정보·개념형,유언·상속·증여(2314)
증여전문세무사,320,90,230,높음,6. 상속·증여(법률·세무),거래·서비스형,유언·상속·증여(2314)
상속포기변호사,320,70,250,높음,6. 상속·증여(법률·세무),거래·서비스형,유언·상속·증여(2314)
부모재산상속,310,20,290,높음,6. 상속·증여(법률·세무),정보·개념형,유언·상속·증여(2314)
상속세세무사비용,310,70,240,높음,6. 상속·증여(법률·세무),거래·서비스형,유언·상속·증여(2314)
상속등기서류,300,100,200,높음,6. 상속·증여(법률·세무),서식·행정형,유언·상속·증여(2314)
상속변호사선임비용,300,40,260,높음,6. 상속·증여(법률·세무),거래·서비스형,유언·상속·증여(2314)
상속신고기한,300,70,230,높음,6. 상속·증여(법률·세무),서식·행정형,유언·상속·증여(2314)
농지증여세,300,60,240,높음,6. 상속·증여(법률·세무),정보·개념형,유언·상속·증여(2314)
주택증여,300,70,230,높음,6. 상속·증여(법률·세무),정보·개념형,유언·상속·증여(2314)
상속재산분할변호사,300,40,260,높음,6. 상속·증여(법률·세무),거래·서비스형,유언·상속·증여(2314)
상속재산파산신청,290,170,120,높음,6. 상속·증여(법률·세무),정보·개념형,유언·상속·증여(2314)
상속법무법인,290,30,260,높음,6. 상속·증여(법률·세무),거래·서비스형,유언·상속·증여(2314)
토지상속절차,290,80,210,높음,6. 상속·증여(법률·세무),정보·개념형,유언·상속·증여(2314)
한정승인법무사,290,100,190,높음,6. 상속·증여(법률·세무),거래·서비스형,유언·상속·증여(2314)
유산상속변호사,280,20,260,높음,6. 상속·증여(법률·세무),거래·서비스형,유언·상속·증여(2314)
상속변호사상담,280,30,250,높음,6. 상속·증여(법률·세무),거래·서비스형,유언·상속·증여(2314)
상속세세무사,280,120,160,높음,6. 상속·증여(법률·세무),거래·서비스형,유언·상속·증여(2314)
상속세세금,270,50,220,높음,6. 상속·증여(법률·세무),정보·개념형,유언·상속·증여(2314)
한정승인변호사,270,50,220,높음,6. 상속·증여(법률·세무),거래·서비스형,유언·상속·증여(2314)
증여취득세계산기,270,120,150,낮음,6. 상속·증여(법률·세무),정보·개념형,유언·상속·증여(2314)
부동산상속서류,260,60,200,높음,6. 상속·증여(법률·세무),서식·행정형,유언·상속·증여(2314)
증여세무상담,260,50,210,높음,6. 상속·증여(법률·세무),거래·서비스형,유언·상속·증여(2314)
상속관련변호사,260,10,250,높음,6. 상속·증여(법률·세무),거래·서비스형,유언·상속·증여(2314)
민법상상속순위,260,120,140,높음,6. 상속·증여(법률·세무),정보·개념형,유언·상속·증여(2314)
상속전문법무법인,260,60,200,높음,6. 상속·증여(법률·세무),거래·서비스형,유언·상속·증여(2314)
상속세계산법,250,60,190,높음,6. 상속·증여(법률·세무),정보·개념형,유언·상속·증여(2314)
친자확인소송,250,70,180,높음,6. 상속·증여(법률·세무),정보·개념형,유언·상속·증여(2314)
증여세무사,250,70,180,높음,6. 상속·증여(법률·세무),거래·서비스형,유언·상속·증여(2314)
상속등기비용,250,50,200,높음,6. 상속·증여(법률·세무),거래·서비스형,유언·상속·증여(2314)
상속법무사비용,250,50,200,높음,6. 상속·증여(법률·세무),거래·서비스형,유언·상속·증여(2314)
증여방법,240,70,170,높음,6. 상속·증여(법률·세무),정보·개념형,유언·상속·증여(2314)
상속재산분할협의,240,70,170,높음,6. 상속·증여(법률·세무),정보·개념형,유언·상속·증여(2314)
재산상속전문변호사,240,30,210,높음,6. 상속·증여(법률·세무),거래·서비스형,유언·상속·증여(2314)
한정승인상속,240,20,220,높음,6. 상속·증여(법률·세무),정보·개념형,유언·상속·증여(2314)
후견인제도,240,110,130,높음,6. 상속·증여(법률·세무),정보·개념형,유언·상속·증여(2314)
증여공제한도,230,80,150,높음,6. 상속·증여(법률·세무),정보·개념형,유언·상속·증여(2314)
공동상속인,230,60,170,높음,6. 상속·증여(법률·세무),정보·개념형,유언·상속·증여(2314)
한정상속승인,230,60,170,높음,6. 상속·증여(법률·세무),정보·개념형,유언·상속·증여(2314)
상속세상담,230,70,160,높음,6. 상속·증여(법률·세무),거래·서비스형,유언·상속·증여(2314)
한정승인신청,230,30,200,높음,6. 상속·증여(법률·세무),정보·개념형,유언·상속·증여(2314)
토지증여,220,90,130,높음,6. 상속·증여(법률·세무),정보·개념형,유언·상속·증여(2314)
법정상속순위,220,60,160,높음,6. 상속·증여(법률·세무),정보·개념형,유언·상속·증여(2314)
분양권증여,220,60,160,높음,6. 상속·증여(법률·세무),정보·개념형,유언·상속·증여(2314)
증여세세무조사,210,50,160,높음,6. 상속·증여(법률·세무),정보·개념형,유언·상속·증여(2314)
공동상속,210,40,170,높음,6. 상속·증여(법률·세무),정보·개념형,유언·상속·증여(2314)
자동차상속,210,70,140,높음,6. 상속·증여(법률·세무),정보·개념형,유언·상속·증여(2314)
상속포기신청서,200,120,80,높음,6. 상속·증여(법률·세무),서식·행정형,유언·상속·증여(2314)
상속지분계산,200,120,80,높음,6. 상속·증여(법률·세무),정보·개념형,유언·상속·증여(2314)
친생자부존재,190,50,140,높음,6. 상속·증여(법률·세무),정보·개념형,유언·상속·증여(2314)
상속포기서,180,110,70,높음,6. 상속·증여(법률·세무),정보·개념형,유언·상속·증여(2314)
상속포기신고서류,180,40,140,높음,6. 상속·증여(법률·세무),서식·행정형,유언·상속·증여(2314)
증여상담,170,60,110,높음,6. 상속·증여(법률·세무),거래·서비스형,유언·상속·증여(2314)
기여분,170,60,110,높음,6. 상속·증여(법률·세무),정보·개념형,유언·상속·증여(2314)
상속세신고수수료,170,80,90,높음,6. 상속·증여(법률·세무),거래·서비스형,유언·상속·증여(2314)
상속전문로펌,170,10,160,높음,6. 상속·증여(법률·세무),거래·서비스형,유언·상속·증여(2314)
법정상속지분,160,50,110,높음,6. 상속·증여(법률·세무),정보·개념형,유언·상속·증여(2314)
상속세무사비용,160,40,120,높음,6. 상속·증여(법률·세무),거래·서비스형,유언·상속·증여(2314)
상속협의서양식,160,90,70,높음,6. 상속·증여(법률·세무),서식·행정형,유언·상속·증여(2314)
상속공증,150,20,130,높음,6. 상속·증여(법률·세무),거래·서비스형,유언·상속·증여(2314)
상속증여세무사,150,40,110,높음,6. 상속·증여(법률·세무),거래·서비스형,유언·상속·증여(2314)
상속포기범위,150,40,110,높음,6. 상속·증여(법률·세무),정보·개념형,유언·상속·증여(2314)
상속증여전문세무사,150,30,120,높음,6. 상속·증여(법률·세무),거래·서비스형,유언·상속·증여(2314)
부담부증여계약서,140,90,50,높음,6. 상속·증여(법률·세무),서식·행정형,유언·상속·증여(2314)
상속파산,140,60,80,높음,6. 상속·증여(법률·세무),정보·개념형,유언·상속·증여(2314)
형제간상속세,140,20,120,높음,6. 상속·증여(법률·세무),정보·개념형,유언·상속·증여(2314)
토지상속서류,140,40,100,높음,6. 상속·증여(법률·세무),서식·행정형,유언·상속·증여(2314)
상속세감정평가,140,50,90,높음,6. 상속·증여(법률·세무),거래·서비스형,유언·상속·증여(2314)
증여서류,130,40,90,높음,6. 상속·증여(법률·세무),서식·행정형,유언·상속·증여(2314)
형제증여세면제한도,130,30,100,높음,6. 상속·증여(법률·세무),정보·개념형,유언·상속·증여(2314)
상속포기각서서류,130,30,100,높음,6. 상속·증여(법률·세무),서식·행정형,유언·상속·증여(2314)
상속합의서,130,60,70,높음,6. 상속·증여(법률·세무),서식·행정형,유언·상속·증여(2314)
상속대위등기,120,70,50,높음,6. 상속·증여(법률·세무),서식·행정형,유언·상속·증여(2314)
상속세계산방법,120,50,70,높음,6. 상속·증여(법률·세무),정보·개념형,유언·상속·증여(2314)
상속전문,120,20,100,높음,6. 상속·증여(법률·세무),정보·개념형,유언·상속·증여(2314)
상속재산목록,120,70,50,높음,6. 상속·증여(법률·세무),정보·개념형,유언·상속·증여(2314)
상속세세무사수수료,120,30,90,높음,6. 상속·증여(법률·세무),거래·서비스형,유언·상속·증여(2314)
양자입양,100,20,80,높음,6. 상속·증여(법률·세무),정보·개념형,유언·상속·증여(2314)
상속동의서,100,50,50,높음,6. 상속·증여(법률·세무),서식·행정형,유언·상속·증여(2314)
비상장주식증여,100,50,50,높음,6. 상속·증여(법률·세무),정보·개념형,유언·상속·증여(2314)
재산상속절차,100,30,70,높음,6. 상속·증여(법률·세무),정보·개념형,유언·상속·증여(2314)
상속변호사수임료,100,30,70,높음,6. 상속·증여(법률·세무),거래·서비스형,유언·상속·증여(2314)
상속방법,90,30,60,높음,6. 상속·증여(법률·세무),정보·개념형,유언·상속·증여(2314)
성본창설,90,40,50,높음,6. 상속·증여(법률·세무),정보·개념형,유언·상속·증여(2314)
상속한정승인비용,90,40,50,높음,6. 상속·증여(법률·세무),거래·서비스형,유언·상속·증여(2314)
임의후견,80,30,50,높음,6. 상속·증여(법률·세무),정보·개념형,유언·상속·증여(2314)
상속등기시필요서류,80,30,50,높음,6. 상속·증여(법률·세무),서식·행정형,유언·상속·증여(2314)
증여와상속,80,20,60,높음,6. 상속·증여(법률·세무),정보·개념형,유언·상속·증여(2314)
가업상속,80,40,40,높음,6. 상속·증여(법률·세무),정보·개념형,유언·상속·증여(2314)
상속세절세방법,80,20,60,높음,6. 상속·증여(법률·세무),정보·개념형,유언·상속·증여(2314)
상속한정승인신문공고,80,50,30,높음,6. 상속·증여(법률·세무),서식·행정형,유언·상속·증여(2314)
증여절세,80,10,70,높음,6. 상속·증여(법률·세무),정보·개념형,유언·상속·증여(2314)
상속관련상담,80,10,70,높음,6. 상속·증여(법률·세무),거래·서비스형,유언·상속·증여(2314)
법정상속등기,80,30,50,높음,6. 상속·증여(법률·세무),서식·행정형,유언·상속·증여(2314)
형제간상속,80,20,60,높음,6. 상속·증여(법률·세무),정보·개념형,유언·상속·증여(2314)
상속회복청구,70,40,30,높음,6. 상속·증여(법률·세무),정보·개념형,유언·상속·증여(2314)
양도세증여세,70,20,50,높음,6. 상속·증여(법률·세무),정보·개념형,유언·상속·증여(2314)
상속무료상담,70,10,60,높음,6. 상속·증여(법률·세무),거래·서비스형,유언·상속·증여(2314)
상속변호사비용,70,40,30,높음,6. 상속·증여(법률·세무),거래·서비스형,유언·상속·증여(2314)
아파트증여계약서,70,30,40,높음,6. 상속·증여(법률·세무),서식·행정형,유언·상속·증여(2314)
상속종류,70,20,50,높음,6. 상속·증여(법률·세무),정보·개념형,유언·상속·증여(2314)
증여상속세무사,70,10,60,높음,6. 상속·증여(법률·세무),거래·서비스형,유언·상속·증여(2314)
상속등기위임장,70,40,30,높음,6. 상속·증여(법률·세무),서식·행정형,유언·상속·증여(2314)
상속한정승인공고,70,40,30,높음,6. 상속·증여(법률·세무),서식·행정형,유언·상속·증여(2314)
상속세무료상담,70,10,60,높음,6. 상속·증여(법률·세무),거래·서비스형,유언·상속·증여(2314)
유산상속포기,70,10,60,높음,6. 상속·증여(법률·세무),정보·개념형,유언·상속·증여(2314)
유증상속,60,20,40,높음,6. 상속·증여(법률·세무),정보·개념형,유언·상속·증여(2314)
증여등기,60,30,30,높음,6. 상속·증여(법률·세무),서식·행정형,유언·상속·증여(2314)
친양자입양절차,60,20,40,높음,6. 상속·증여(법률·세무),정보·개념형,유언·상속·증여(2314)
상속분쟁변호사,60,30,30,높음,6. 상속·증여(법률·세무),거래·서비스형,유언·상속·증여(2314)
상속필요서류,60,10,50,높음,6. 상속·증여(법률·세무),서식·행정형,유언·상속·증여(2314)
증여세주민세,50,30,20,높음,6. 상속·증여(법률·세무),정보·개념형,유언·상속·증여(2314)
상속재산파산비용,50,10,40,높음,6. 상속·증여(법률·세무),거래·서비스형,유언·상속·증여(2314)
협의상속,50,20,30,높음,6. 상속·증여(법률·세무),정보·개념형,유언·상속·증여(2314)
유류분위헌,50,20,30,높음,6. 상속·증여(법률·세무),정보·개념형,유언·상속·증여(2314)
부동산상속등기,50,30,20,높음,6. 상속·증여(법률·세무),서식·행정형,유언·상속·증여(2314)
증여세세무사상담,50,20,30,높음,6. 상속·증여(법률·세무),거래·서비스형,유언·상속·증여(2314)
한정승인전문변호사,50,30,20,높음,6. 상속·증여(법률·세무),거래·서비스형,유언·상속·증여(2314)
성년후견인변호사,50,30,20,높음,6. 상속·증여(법률·세무),거래·서비스형,유언·상속·증여(2314)
상속포기상담,50,10,40,높음,6. 상속·증여(법률·세무),거래·서비스형,유언·상속·증여(2314)
과태료상속,50,20,30,높음,6. 상속·증여(법률·세무),정보·개념형,유언·상속·증여(2314)
치매후견인,50,20,30,높음,6. 상속·증여(법률·세무),정보·개념형,유언·상속·증여(2314)
성본변경동의서,40,20,20,중간,6. 상속·증여(법률·세무),서식·행정형,유언·상속·증여(2314)
재산증여방법,40,10,30,높음,6. 상속·증여(법률·세무),정보·개념형,유언·상속·증여(2314)
상속에필요한서류,40,10,30,높음,6. 상속·증여(법률·세무),서식·행정형,유언·상속·증여(2314)
상속대행,40,10,30,높음,6. 상속·증여(법률·세무),거래·서비스형,유언·상속·증여(2314)
재산상속소송,40,10,30,높음,6. 상속·증여(법률·세무),정보·개념형,유언·상속·증여(2314)
증여세전문세무사,40,10,30,높음,6. 상속·증여(법률·세무),거래·서비스형,유언·상속·증여(2314)
상속의종류,40,10,30,높음,6. 상속·증여(법률·세무),정보·개념형,유언·상속·증여(2314)
상속상담비용,40,20,20,높음,6. 상속·증여(법률·세무),거래·서비스형,유언·상속·증여(2314)
상속세조사,40,10,30,높음,6. 상속·증여(법률·세무),정보·개념형,유언·상속·증여(2314)
상속세경정청구,40,10,30,높음,6. 상속·증여(법률·세무),정보·개념형,유언·상속·증여(2314)
상속세무상담,40,10,30,높음,6. 상속·증여(법률·세무),거래·서비스형,유언·상속·증여(2314)
스마트상속,40,10,30,중간,6. 상속·증여(법률·세무),정보·개념형,유언·상속·증여(2314)
상가양도소득세계산,30,20,10,높음,6. 상속·증여(법률·세무),정보·개념형,유언·상속·증여(2314)
상속포기결정문재발급,30,10,20,높음,6. 상속·증여(법률·세무),서식·행정형,유언·상속·증여(2314)
토지증여계약서,30,20,10,높음,6. 상속·증여(법률·세무),서식·행정형,유언·상속·증여(2314)
100억상속세,30,10,20,높음,6. 상속·증여(법률·세무),정보·개념형,유언·상속·증여(2314)
상속세변호사,30,10,20,높음,6. 상속·증여(법률·세무),거래·서비스형,유언·상속·증여(2314)
증여세무료상담,30,10,20,높음,6. 상속·증여(법률·세무),거래·서비스형,유언·상속·증여(2314)
상속재산포기,30,10,20,높음,6. 상속·증여(법률·세무),정보·개념형,유언·상속·증여(2314)
상속포기서양식,30,10,20,높음,6. 상속·증여(법률·세무),서식·행정형,유언·상속·증여(2314)
한정승인신문공고비용,30,10,20,높음,6. 상속·증여(법률·세무),거래·서비스형,유언·상속·증여(2314)
양도세수수료,30,10,20,높음,6. 상속·증여(법률·세무),거래·서비스형,유언·상속·증여(2314)
가업승계증여세과세특례,30,20,10,높음,6. 상속·증여(법률·세무),정보·개념형,유언·상속·증여(2314)
특별한정승인변호사,25,20,5,,6. 상속·증여(법률·세무),거래·서비스형,유언·상속·증여(2314)
상속전문변호사비용,25,20,5,,6. 상속·증여(법률·세무),거래·서비스형,유언·상속·증여(2314)
증여세신고대행,20,10,10,높음,6. 상속·증여(법률·세무),거래·서비스형,유언·상속·증여(2314)
상속재판,20,10,10,높음,6. 상속·증여(법률·세무),정보·개념형,유언·상속·증여(2314)
상속법률사무소,20,10,10,높음,6. 상속·증여(법률·세무),정보·개념형,유언·상속·증여(2314)
한정승인청산,20,10,10,높음,6. 상속·증여(법률·세무),정보·개념형,유언·상속·증여(2314)
상속협의분할서,20,10,10,높음,6. 상속·증여(법률·세무),정보·개념형,유언·상속·증여(2314)
상속분할청구소송,20,10,10,높음,6. 상속·증여(법률·세무),정보·개념형,유언·상속·증여(2314)
성년후견인법무사비용,20,10,10,높음,6. 상속·증여(법률·세무),거래·서비스형,유언·상속·증여(2314)
상속세신고대행,20,10,10,높음,6. 상속·증여(법률·세무),거래·서비스형,유언·상속·증여(2314)
한정승인신청서,20,10,10,높음,6. 상속·증여(법률·세무),서식·행정형,유언·상속·증여(2314)
상속전문변호사상담,15,10,5,,6. 상속·증여(법률·세무),거래·서비스형,유언·상속·증여(2314)
성본변경동의서양식,15,10,5,,6. 상속·증여(법률·세무),서식·행정형,유언·상속·증여(2314)
성년후견변호사,15,10,5,,6. 상속·증여(법률·세무),거래·서비스형,유언·상속·증여(2314)
증여세가산세계산기,15,10,5,,6. 상속·증여(법률·세무),정보·개념형,유언·상속·증여(2314)
상속재산평가,15,10,5,,6. 상속·증여(법률·세무),정보·개념형,유언·상속·증여(2314)
상속재산협의분할계약서,15,10,5,,6. 상속·증여(법률·세무),서식·행정형,유언·상속·증여(2314)
